{
  "Vector-only": {
    "recall@3": 0.6082380952380952,
    "recall@5": 0.7112857142857142,
    "mrr": 0.6326666666666667,
    "precision@3": 0.3
  },
  "BM25-only": {
    "recall@3": 0.3475238095238096,
    "recall@5": 0.441047619047619,
    "mrr": 0.4136666666666667,
    "precision@3": 0.1733333333333333
  },
  "Hybrid (RRF)": {
    "recall@3": 0.6292380952380953,
    "recall@5": 0.6477619047619048,
    "mrr": 0.6746666666666666,
    "precision@3": 0.30666666666666664
  },
  "Hybrid + Re-ranker": {
    "recall@3": 0.6192380952380953,
    "recall@5": 0.6327619047619047,
    "mrr": 0.6706666666666667,
    "precision@3": 0.3
  }
}